USE [Filmy]
GO
INSERT [dbo].[Gatunki] ([IdGatunku], [Gatunek]) VALUES (N'1', N'Fantasy')
INSERT [dbo].[Gatunki] ([IdGatunku], [Gatunek]) VALUES (N'2', N'Przygodowy')
INSERT [dbo].[Gatunki] ([IdGatunku], [Gatunek]) VALUES (N'3', N'Akcja')
INSERT [dbo].[Gatunki] ([IdGatunku], [Gatunek]) VALUES (N'4', N'Sci-Fi')
INSERT [dbo].[Filmy] ([IdFilmu], [Tytu³], [InnyTytu³], [RokWydania], [CzasTrwania], [Ograniczenia], [Kolor], [PozycjaNaRegale], [OcenaIMDB], [Obejrzany]) VALUES (N'1', N'The Lord of the Rings: The Fellowship of the Ring', N'W³adca pierœcieni: Dru¿yna Pierœcienia', 2001, 178, 13, 1, N'1A', 8.8, 1)
INSERT [dbo].[Filmy] ([IdFilmu], [Tytu³], [InnyTytu³], [RokWydania], [CzasTrwania], [Ograniczenia], [Kolor], [PozycjaNaRegale], [OcenaIMDB], [Obejrzany]) VALUES (N'2', N'Avatar', NULL, 2009, 162, 12, 1, N'1A', 7.8, 1)
INSERT [dbo].[Filmy] ([IdFilmu], [Tytu³], [InnyTytu³], [RokWydania], [CzasTrwania], [Ograniczenia], [Kolor], [PozycjaNaRegale], [OcenaIMDB], [Obejrzany]) VALUES (N'3', N'The Matrix', N'Matrix', 1999, 136, 18, 1, N'1A', 8.7, 1)
INSERT [dbo].[FilmyDoGatunki] ([IdFilmu], [IdGatunku]) VALUES (N'1', N'1')
INSERT [dbo].[FilmyDoGatunki] ([IdFilmu], [IdGatunku]) VALUES (N'1', N'2')
INSERT [dbo].[FilmyDoGatunki] ([IdFilmu], [IdGatunku]) VALUES (N'2', N'4')
INSERT [dbo].[FilmyDoGatunki] ([IdFilmu], [IdGatunku]) VALUES (N'3', N'3')
INSERT [dbo].[FilmyDoGatunki] ([IdFilmu], [IdGatunku]) VALUES (N'3', N'4')
INSERT [dbo].[FilmySzczegoly] ([IdFilmu], [Wytwórnia], [Napisy], [IloœæP³yt], [RodzajNoœnika], [Cena], [OficjalnyZwiastun], [Fabu³a]) VALUES (N'1', N'New Line Cinema', 1, 3, N'Blu-ray', 115, N'https://www.imdb.com/video/vi2073101337?playlistId=tt0120737&ref_=tt_ov_vi', N'Podró¿ hobbita z Shire i jego oœmiu towarzyszy, której celem jest zniszczenie potê¿nego pierœcienia po¿¹danego przez Czarnego W³adcê - Saurona.')
INSERT [dbo].[FilmySzczegoly] ([IdFilmu], [Wytwórnia], [Napisy], [IloœæP³yt], [RodzajNoœnika], [Cena], [OficjalnyZwiastun], [Fabu³a]) VALUES (N'2', N'20th Century Fox', 1, 2, N'Blu-ray', 45, N'https://www.imdb.com/video/vi531039513?playlistId=tt0499549&ref_=tt_ov_vi', N'Jake, sparali¿owany by³y komandos, zostaje wys³any na planetê Pandora, gdzie zaprzyjaŸnia siê z lokaln¹ spo³ecznoœci¹ i postanawia jej pomóc.')
INSERT [dbo].[FilmySzczegoly] ([IdFilmu], [Wytwórnia], [Napisy], [IloœæP³yt], [RodzajNoœnika], [Cena], [OficjalnyZwiastun], [Fabu³a]) VALUES (N'3', N'Warner Bros', 1, 1, N'DVD', 35, N'https://www.filmweb.pl/video/Zwiastun/Matrix+Zwiastun+nr+1-11514', N'Haker komputerowy Neo dowiaduje siê od tajemniczych rebeliantów, ¿e œwiat, w którym ¿yje, jest tylko obrazem przesy³anym do jego mózgu przez roboty.')
INSERT [dbo].[Kompozytorzy] ([IdKompozytora], [Imiê], [Nazwisko], [DataUrodzenia]) VALUES (N'1', N'Howard', N'Shore', CAST(N'1946-10-18' AS Date))
INSERT [dbo].[Kompozytorzy] ([IdKompozytora], [Imiê], [Nazwisko], [DataUrodzenia]) VALUES (N'2', N'Don', N'Davis', CAST(N'1957-02-04' AS Date))
INSERT [dbo].[Kompozytorzy] ([IdKompozytora], [Imiê], [Nazwisko], [DataUrodzenia]) VALUES (N'3', N'James', N'Horner', CAST(N'1953-07-14' AS Date))
INSERT [dbo].[FilmyDoKompozytorzy] ([IdFilmu], [IdKompozytora]) VALUES (N'1', N'1')
INSERT [dbo].[FilmyDoKompozytorzy] ([IdFilmu], [IdKompozytora]) VALUES (N'2', N'3')
INSERT [dbo].[FilmyDoKompozytorzy] ([IdFilmu], [IdKompozytora]) VALUES (N'3', N'2')
INSERT [dbo].[Rezyserzy] ([IdRezysera], [Imiê], [Nazwisko], [DataUrodzenia]) VALUES (N'1', N'Peter', N'Jackson', CAST(N'2020-05-21' AS Date))
INSERT [dbo].[Rezyserzy] ([IdRezysera], [Imiê], [Nazwisko], [DataUrodzenia]) VALUES (N'2', N'James', N'Cameron', CAST(N'2020-05-21' AS Date))
INSERT [dbo].[Rezyserzy] ([IdRezysera], [Imiê], [Nazwisko], [DataUrodzenia]) VALUES (N'3', N'Lilly', N'Wachowski', CAST(N'2020-05-21' AS Date))
INSERT [dbo].[Rezyserzy] ([IdRezysera], [Imiê], [Nazwisko], [DataUrodzenia]) VALUES (N'4', N'Lana', N'Wachowski', CAST(N'2020-05-21' AS Date))
INSERT [dbo].[FilmyDoRezyserzy] ([IdFilmu], [IdRezysera]) VALUES (N'1', N'1')
INSERT [dbo].[FilmyDoRezyserzy] ([IdFilmu], [IdRezysera]) VALUES (N'2', N'2')
INSERT [dbo].[FilmyDoRezyserzy] ([IdFilmu], [IdRezysera]) VALUES (N'3', N'3')
INSERT [dbo].[FilmyDoRezyserzy] ([IdFilmu], [IdRezysera]) VALUES (N'3', N'4')
INSERT [dbo].[Obsada] ([IdAktora], [IdFilmu], [Imiê], [Nazwisko], [PostaæFilmowa], [RokUrodzenia]) VALUES (N'1', N'1', N'Sean', N'Bean', N'Boromir', 1959)
INSERT [dbo].[Obsada] ([IdAktora], [IdFilmu], [Imiê], [Nazwisko], [PostaæFilmowa], [RokUrodzenia]) VALUES (N'2', N'1', N'Viggo', N'Mortensen', N'Aragorn', 1958)
INSERT [dbo].[Obsada] ([IdAktora], [IdFilmu], [Imiê], [Nazwisko], [PostaæFilmowa], [RokUrodzenia]) VALUES (N'3', N'2', N'Sam', N'Worthington', N'Jake Sully', 1976)
INSERT [dbo].[Obsada] ([IdAktora], [IdFilmu], [Imiê], [Nazwisko], [PostaæFilmowa], [RokUrodzenia]) VALUES (N'4', N'3', N'Keanu', N'Reeves', N'Neo', 1964)
INSERT [dbo].[FilmyDoObsada] ([IdFilmu], [IdAktora]) VALUES (N'1', N'1')
INSERT [dbo].[FilmyDoObsada] ([IdFilmu], [IdAktora]) VALUES (N'1', N'2')
INSERT [dbo].[FilmyDoObsada] ([IdFilmu], [IdAktora]) VALUES (N'2', N'3')
INSERT [dbo].[FilmyDoObsada] ([IdFilmu], [IdAktora]) VALUES (N'3', N'4')
INSERT [dbo].[Nagrody] ([IdNagrody], [IdFilmu], [NazwaNagrody], [Kategoria], [RokOtrzymania]) VALUES (N'1', N'1', N'Oscar', N'Najlepsza charakteryzacja', 2002)
INSERT [dbo].[Nagrody] ([IdNagrody], [IdFilmu], [NazwaNagrody], [Kategoria], [RokOtrzymania]) VALUES (N'2', N'1', N'Oscar', N'Najlepsze efekty specjalne', 2002)
INSERT [dbo].[Nagrody] ([IdNagrody], [IdFilmu], [NazwaNagrody], [Kategoria], [RokOtrzymania]) VALUES (N'3', N'1', N'BAFTA', N'Najlepszy Film', 2002)
INSERT [dbo].[Nagrody] ([IdNagrody], [IdFilmu], [NazwaNagrody], [Kategoria], [RokOtrzymania]) VALUES (N'4', N'2', N'Oscar', N'Najlepsza Scenografia', 2010)
INSERT [dbo].[Nagrody] ([IdNagrody], [IdFilmu], [NazwaNagrody], [Kategoria], [RokOtrzymania]) VALUES (N'5', N'2', N'Z³ote Globy', N'Najlepszy dramat', 2010)
INSERT [dbo].[Nagrody] ([IdNagrody], [IdFilmu], [NazwaNagrody], [Kategoria], [RokOtrzymania]) VALUES (N'6', N'3', N'Oscar', N'Najlepszy monta¿', 2000)
